District,First,Middle,Last
26,Benjamin,,Allen
32,Bob,,Archuleta
39,Toni,G.,Atkins
36,Pat,C.,Bates
13,Josh,,Becker
8,Andreas,,Borgeas
35,Steven,,Bradford
12,Anna,M.,Caballero
15,Dave,,Cortese
1,Brian,,Dahle
3,Bill,,Dodd
24,Maria Elena,,Durazo
5,Susan,Talamantes,Eggman
7,Steven,M.,Glazer
33,Lena,A.,Gonzalez
16,Shannon,,Grove
18,Robert,M.,Hertzberg
40,Ben,,Hueso
14,Melissa,,Hurtado
38,Brian,W.,Jones
30,Sydney,K.,Kamlager
17,John,,Laird
20,Connie,M.,Leyva
19,Monique,,Lim√≥n
2,Mike,,McGuire
28,Melissa,A.,Melendez
37,Dave,,Min
29,Newman,,Josh
4,Jim,,Nielsen
23,Ochoa Bogh,,Rosilicie
6,Dr. Richard,,Pan
25,Anthony,J.,Portantino
31,Richard ,D.,Roth
22,Susan,,Rubio
9,Nancy,,Skinner
27,Henry,I,Stern
34,Thomas,J.,Umberg
10,Bob,,Wieckowski
11,Scott ,D,Wiener
21,Scott ,,Wilk
